Rank,Tier,Organization,Reality Checker verdict,Score,Confidence,Why it qualifies,Evidence,Unknowns,Disqualification risks,Relevant contact,Recommended outreach angle
1,A,Edmonton Down Syndrome Society (EDSS),PASS,76,Medium,"EDSS was incorporated as a charity in 1995 and Benevity confirms its Edmonton address. It appears on the 2024-25 CIP Operating approved list at $75,000 and has had an ED transition (2023) and new bylaws (2024).","Incorporated 1995: ""In 1995, the group incorporated as a charitable organization under the name Edmonton Down Syndrome Society (EDSS)."" (https://www.edss.ca/about) | Alberta address: ""registered business location at 9139 39 Ave, Edmonton, AB T6E 5Y2"" (https://opengovca.com/alberta-business/23161) | CIP Operating 2024-25 (search snippet of PDF): ""Edmonton Down Syndrome Society, Edmonton, $75,000"" (https://www.alberta.ca/system/files/acsw-cip-operating-approved-applicants-2024-25.pdf) | Governance change: ""transition to new bylaws, which were approved at the April 2024 AGM"" (https://thevogelgroup.ca/current-opportunities/executive-director-edmonton-down-syndrome-society/)","Revenue: $366K is a ContactOut estimate only, so UNKNOWN; Whether the 2024-25 CIP Operating grant is multi-year and still running; Exact PDF line item (seen via search snippet); Source page of the bylaws line is not pinned; Overdue/incomplete ministry reporting (never publicly verifiable); Whether already applying for Oct 15, 2026; Board appetite for an org-development project","A multi-year CIP Operating agreement still in force could affect timing or appetite; No match to known Business Path / Cenera / Innovate Calgary relationships seen in the file, but client list not checked; confirm before outreach.","Janet Tryhuba, Executive Director (https://www.globaldownsyndrome.org/exclusive-interview-with-edss-executive-director-janet-tryhuba/). ED since May 2023 per the Vogel Group posting.","EDSS was funded at the $75K CIP Operating maximum in 2024-25, and that stream is now closed. CIP-ODC (up to $50K, due Oct 15, 2026) can fund the next phase after the 2023 ED transition and the 2024 bylaws: strategic plan, board development and fund diversification."
2,A,North Rocky View Community Links Society (Community Links),PASS,74,Medium,"Benevity lists it as an Alberta cause at an Airdrie address, and its CKC profile reports a $5.74M annual budget. A local news article reports a $75K provincial award in 2022/23 in a CIP context, and a new ED started in January 2025.","Alberta address, listed on Benevity: ""NORTH ROCKY VIEW COMMUNITY LINKS SOCIETY, 211 - 125 Main Street NW, AIRDRIE, Alberta T4B 0P7"" (Benevity MCP) | Revenue well above $100K: ""Community Links Airdrie's annual budget is $5,736,173.72"" (https://ckc.calgaryfoundation.org/profile/north-rocky-view-community-links-community-links/) | Past CIP award, 2022/23: ""the North Rocky View Community Links Society was awarded $75,000 in 2022/2023"" (https://discoverairdrie.com/articles/two-airdrie-organizations-receive-provincial-funding) | Leadership transition: ""Sara Jordan took over as executive director in January 2025"" (https://www.airdriecityview.com/community/sara-jordan-takes-over-as-executive-director-of-community-links-11764129)","Whether the 2022/23 $75K was the Operating stream: the article's wording ties it to CIP but does not name the stream. The $75K matches the Operating maximum, but that is inference.; Year of the CKC budget figure; Overdue/incomplete ministry reporting (never publicly verifiable); Whether already applying for Oct 15, 2026; Board appetite for an org-development project","$5.74M budget is above the ICP S3 band ($150K-$3M), so $50K is under 1% of budget and urgency is lower; May have reapplied or received multi-year funding since 2022/23; No match to known Business Path / Cenera / Innovate Calgary relationships seen in the file, but client list not checked; confirm before outreach.","Sara Jordan, Executive Director (https://www.airdriecityview.com/community/sara-jordan-takes-over-as-executive-director-of-community-links-11764129). Source is from Jan 2025 and still current as far as known.","Sara, you are about 20 months into the ED role and in the middle of the 2025-2027 strategic plan. The CIP Operating stream that funded Community Links at $75K in 2022/23 is gone, and the new CIP-ODC grant (up to $50K, due Oct 15, 2026) funds exactly the leadership-capacity and systems work that makes a plan stick."
3,A,Big Brothers Big Sisters Association of Wood Buffalo,PASS,68,Medium,"Listed (per a search summary of the PDF) on 2024-25 CIP Operating Intake 1 for $73,250. Charity with a Fort McMurray address confirmed by Benevity. New ED appointed Oct 2024.","CIP Operating 2024-25, $73,250: ""Big Brothers Big Sisters Association of Wood Buffalo, Fort McMurray, $73,250 (insurance, rent, staff training, staff wages and salaries) [search summary; PDF not opened]"" (https://www.alberta.ca/system/files/acsw-cip-operating-approved-applicants-2024-25.pdf) | Leadership transition: ""BBBS Wood Buffalo appoints new Executive Director Hanna Fridhed-Campbell, succeeding Julie Penney"" (https://www.play1037.ca/2024/10/17/youth-mentorship-in-focus-as-big-brothers-big-sisters-wood-buffalo-appoints-new-executive-director/) | Charity listing and address: ""202-604 Signal Road, Fort McMurray AB T9H 4Z4"" (Benevity cause 44fa091f-a8b9-4d30-a46c-f0504bd53de5)",Revenue (the RocketReach $16.4M was correctly discarded; audited statements exist on the annual-report page but were not read); CRA BN not seen,"The ED transition is about 2 years old, so the signal is fading; S1 rests on a search summary of the PDF","Hanna Fridhed-Campbell, Executive Director (as of Oct 2024: https://www.play1037.ca/2024/10/17/youth-mentorship-in-focus-as-big-brothers-big-sisters-wood-buffalo-appoints-new-executive-director/). Currency unconfirmed.","You used $73K of CIP Operating funding for staff training and wages, and that stream has closed. CIP-ODC (deadline Oct 15, 2026) can fund the strategic plan and leadership-capacity work that follows an ED transition."
4,A,Big Brothers Big Sisters Association of Medicine Hat & District,PASS,66,Medium,"Listed (per a search summary of the PDF) on 2024-25 CIP Operating Intake 1 for $75,000 (rent, wages). Registered charity per CanadaHelps, with a Medicine Hat address confirmed by Benevity.","CIP Operating 2024-25, $75K: ""Big Brothers/Big Sisters Association of Medicine Hat and District, Medicine Hat, $75,000 (rent, staff wages and salaries) [search summary; PDF not opened]"" (https://www.alberta.ca/system/files/acsw-cip-operating-approved-applicants-2024-25.pdf) | Registered charity: ""designated by the Canada Revenue Agency as a registered charity"" (https://www.canadahelps.org/en/charities/big-brothersbig-sisters-association-of-medicine-hat-and-district/) | Funding fragility: ""does not receive government funding on an ongoing basis ... Bowl for Kids' Sake raised more than $70K (largest source of funding)"" (https://medicinehatnews.com/news/local-news/2026/03/24/more-than-70k-raised-at-bowl-for-kids-sake/)","Total revenue. If a $70K event is the largest source, revenue could sit near the floor and the 50% formula may cap the award under $50K; Strategic plan or transition status",Revenue near $100K would reduce the award; S1 rests on a search summary of the PDF,"Ashley Turner, Executive Director (https://medicinehat.bigbrothersbigsisters.ca/contact-us/)","Your $75K CIP Operating grant covered rent and wages, and it will not renew. You rely on one event. CIP-ODC (deadline Oct 15, 2026) can fund a fund-development and revenue-diversification plan."
5,A,Rowan House Society,PASS,62,Medium,"Benevity confirms a High River, Alberta address. Charity Intelligence reports $1.7M in government funding and $905K in donations for F2024, and the society has a 2024-2027 strategic plan led by an ED who is in her first plan cycle.","Alberta address: ""Rowan House Emergency Shelter, Box 5121, High River, Alberta T1V 1M3"" (Benevity MCP) | Revenue at least $1.7M (reported components): ""In F2024 Rowan House received $905k in donations and special events; $1.7m government funding = 62% of total revenues"" (https://www.charityintelligence.ca/charity-details/1115-rowan-house-society) | Strategic-plan cycle: ""New three-year Strategic Plan 2024-2027"" (https://www.okotoksonline.com/articles/rowan-house-society-shares-details-of-new-strategic-plan) | Past CIP grant, stream not stated: ""made possible by the society receiving a two-year grant from the Alberta Community Initiatives program"" (https://www.westernwheel.ca/local-news/rowan-house-society-sets-up-okotoks-office-3638150)","CIP stream and year of the 'two-year grant'. A two-year term hints at Operating (Project grants are one-time), but that is unconfirmed, and the article date was not captured, so it may be pre-2022.; Exact total revenue: the ~$2.7M figure is back-calculated; Overdue/incomplete ministry reporting (never publicly verifiable); Whether already applying for Oct 15, 2026; Board appetite for an org-development project","Strategic plan is current, so the need is implementation rather than urgent; DV shelter funding is mostly government, so ODC may compete with larger priorities; No match to known Business Path / Cenera / Innovate Calgary relationships seen in the file, but client list not checked; confirm before outreach.","Linette Soldan, Executive Director (https://www.okotoksonline.com/articles/linette-soldan-credits-rural-roots-for-shaping-her-leadership)","Your 2024-2027 plan runs out inside the 24-month CIP-ODC window, and 62% government dependence is exactly the resilience and revenue-diversification case the new grant (up to $50K, due Oct 15, 2026) was built to fund."
6,A,Camrose Women's Shelter Society,PASS,62,Medium,"Listed (per a search summary of the PDF) on the 2024-25 CIP Operating approved list for $75,000. Charity with a Camrose address confirmed by Benevity, and a named ED on its own site.","CIP Operating 2024-25, $75K: ""Camrose Women's Shelter Society, $75,000 (administrative costs, auditing, insurance, staff wages and salaries, utilities) [search-engine summary of the PDF; PDF not opened]"" (https://www.alberta.ca/system/files/acsw-cip-operating-approved-applicants-2024-25.pdf) | Alberta address: ""Post Office Box 1405, Camrose, Alberta, T4V 1X3"" (https://camrosewomenshelter.org/contact-us/) | Registered charity: ""designated by the Canada Revenue Agency as a registered charity"" (https://www.canadahelps.org/en/charities/camrosewomenshelter/)","Revenue (a 22-bed shelter is plausibly well above $100K, but no figure); Org-development signal; The PDF line itself (only a search summary was seen)","The S1 evidence is a search summary of the PDF, not the document itself. Open the PDF before outreach; Discovery's claim that CIP-ODC 'doesn't require matching funds' is not in the ICP doc. Do not use it","Nora-Lee Rear, Executive Director (https://camrosewomenshelter.org/about-us/)","You held a $75K CIP Operating grant in 2024-25, and that stream has closed. CIP-ODC (deadline Oct 15, 2026) is its replacement and pays for admin, systems and governance capacity."
7,A,Edson Friendship Centre,PASS,62,Medium,"Registered charity (BN 101580918RR0001), est. 1986, in Edson. Listed (per a search summary) on 2024-25 CIP Operating for $74,000.","Registered charity: ""Business No. 101580918RR0001. Established in 1986."" (https://www.charitydata.ca/charity/edson-friendship-centre/101580918RR0001/) | CIP Operating 2024-25, $74K: ""Edson Friendship Centre, $74,000 (admin, auditing, data collection, evaluation, staff training, wages) [search summary; PDF not opened]"" (https://www.alberta.ca/system/files/acsw-cip-operating-approved-applicants-2024-25.pdf) | Open access: ""Aboriginal and non-Aboriginal people of Edson and area who are in need"" (https://www.canadahelps.org/en/charities/edson-friendship-centre/)","Revenue; Org-development signal (spending CIP on evaluation is inference, not a need); Federal core funding level",S1 rests on a search summary of the PDF; None found otherwise,"Kristie Gomuwka, Executive Director (https://www.edsonfriendshipcentre.org/about)","Your $74K CIP Operating grant paid for evaluation, data and staff training. CIP-ODC (deadline Oct 15, 2026) is the direct successor for that capacity work."
8,A,Stop Abuse in Families (SAiF) Society,PASS,60,High,"Incorporated 1989 and a registered charity (BN 120971304RR0001) based in St. Albert. It has a stated $600K budget and client load rose from 789 (2020) to 2,616 (2024) with one full-time staff member.","Registered charity, incorporated 1989: ""The Stop Abuse in Families (SAiF) Society was incorporated in 1989."" (https://www.charitydata.ca/charity/stop-abuse-in-families-saif-society/120971304RR0001/) | Budget $600K: ""The organization has a $600,000 budget which supports operational costs as well as one full-time employee and eight part-time staff."" (https://www.stalbertgazette.com/lifestyle/saif-society-remounts-red-shoe-gala-11342421) | Demand outpacing capacity: ""In 2020, SAiF supported 789 clients, but by 2024, the numbers spiked to 2,616"" (https://www.stalbertgazette.com/lifestyle/saif-society-remounts-red-shoe-gala-11342421) | Secular, open services: ""Free services to individuals experiencing family violence, including individual counselling, group counselling, youth counselling..."" (https://www.saifsociety.ca/counselling-programs/)","Past CIP Operating (the Gazette says it is funded by donors, charitable orgs and project grants, with no CIP Operating mention); Whether the current ED is still Mark Dixon; Budget is not audited revenue",None found,"PARTIALLY VERIFIED: Mark Dixon, named interim ED in the St. Albert Gazette (https://www.stalbertgazette.com/local-news/saif-has-new-interim-director-6005985). The article looks to be several years old and his current title is unconfirmed. Confirm via https://www.saifsociety.ca/","Client load has tripled since 2020 on a $600K budget with one full-time staff member. CIP-ODC (deadline Oct 15, 2026) can fund the staffing model, systems and fund-development plan to carry that growth."
9,A,Lethbridge Food Bank Society,PASS,58,Medium,"A distinct charity listing (Benevity) operating since 1982. The board appointed a new ED in May 2026, and monthly hamper demand is up 90% over five years with a staff of eight.","New ED and demand growth: ""New executive director Tim Rempel ... 44th year of operation ... monthly hamper distribution up 90% over five years"" (https://lethbridgenewsnow.com/2026/05/20/new-executive-director-begins-at-lethbridge-food-bank/) | Staff scale: ""Staff of eight and about 12,000 hampers a year"" (https://lethbridgeherald.com/news/lethbridge-news/2026/09/18/a-million-pounds-of-food-and-the-need-keeps-growing/) | Entity distinct from Interfaith: ""LETHBRIDGE FOOD BANK SOCIETY, 1016 2ND AVENUE SOUTH ... Since 1982"" (Benevity cause 3a8f3c15-b7bb-4fe9-a9b8-f05cde8149fb)","Revenue (eight staff makes $100K+ plausible, but this is inference); Past CIP Operating; CRA BN not seen",No faith language seen. The entity is distinct from the Interfaith Food Bank per Benevity,"Tim Rempel, Executive Director (https://lethbridgenewsnow.com/2026/05/20/new-executive-director-begins-at-lethbridge-food-bank/)","A new ED four months in, demand up 90% and a staff of eight. The Oct 15, 2026 CIP-ODC intake can fund a strategic plan and operating-model review for the new leader's first year."
10,A,Fort Saskatchewan Families First Society,PASS,57,Medium,"Charity (CanadaHelps and Benevity) in Fort Saskatchewan. Its 2024-25 AGM report documents a new ED (June 2024), a bylaw rewrite and new board term limits.","Charity and Alberta address: ""Registered not-for-profit located at 9901 90 Street, Fort Saskatchewan, and it's a charitable organization"" (https://www.canadahelps.org/en/charities/fort-saskatchewan-families-first-society/) | Governance reset and new ED: ""Darryl Burry assumed the role of executive director in June 2024 ... the Board recently updated the society Bylaws, implementing a membership avenue and introducing term limits"" (https://irp.cdn-website.com/76d1fd3d/files/uploaded/AGM+Report+2024-25+(condensed).pdf) | Staffing scale: ""with the help of 12 permanent and several contract staff and volunteers"" (Benevity cause a259bc6f-5f9a-4745-9110-84ca6b90c3e5)",Revenue (RocketReach $6M and ZoomInfo <$5M are estimates only; 12 permanent staff makes $100K+ plausible but that is not evidence); Past CIP Operating; CRA BN not seen,"If revenue really is several million, $50K is a small lever; No faith requirement found. The ED's prior Salvation Army role is not an org disqualifier","Darryl Burry, Executive Director (named in the AGM Report 2024-25: https://irp.cdn-website.com/76d1fd3d/files/uploaded/AGM+Report+2024-25+(condensed).pdf)","The board just rewrote the bylaws and added term limits under a new ED. The Oct 15, 2026 CIP-ODC intake can fund the strategic plan and board development that finishes that reset."
11,B,Inclusion Foothills Association,CONDITIONAL,50,Medium,"Benevity confirms a High River address, and news coverage describes it as a CRA-registered charity marking 25 years. The founder retired and a new ED took over in 2025.","Alberta address: ""INCLUSION FOOTHILLS ASSOCIATION, BOX 5146, HIGH RIVER, Alberta T1V 1M3"" (Benevity MCP) | Registered charity, 25 years: ""Designated by Canada Revenue Agency (CRA) as a registered charity; celebrated 25 years."" (https://www.westernwheel.ca/western-wheel-cares/foothills-non-profit-celebrates-25-years-of-inclusion-7980006) | Founder-to-successor transition: ""Vanessa McKenzie took on the executive director role in 2025 following the retirement of founder Orvella Small."" (https://www.westernwheel.ca/western-wheel-cares/inclusion-lasts-a-lifetime-for-this-foothills-non-profit-11517942)","Total revenue. Downgraded to UNKNOWN: the ~$161K/yr figure is arithmetic from one 3-year $483.5K grant, not reported revenue. It makes revenue of $100K+ plausible but not evidenced.; Any past CIP funding; Strategic plan status; Overdue/incomplete ministry reporting (never publicly verifiable); Whether already applying for Oct 15, 2026; Board appetite for an org-development project","None found; No match to known Business Path / Cenera / Innovate Calgary relationships seen in the file, but client list not checked; confirm before outreach.","Vanessa McKenzie, Executive Director (https://www.westernwheel.ca/western-wheel-cares/inclusion-lasts-a-lifetime-for-this-foothills-non-profit-11517942)","The first year after a founder retires is when governance, succession and systems gaps show. CIP-ODC (up to $50K, due Oct 15, 2026) can fund that post-founder transition work."
12,B,Volunteer Lethbridge Association,CONDITIONAL,48,Medium,"Charity listing (Benevity) in Lethbridge. New ED Sandi Davis started May 2025, and the org rebuilt its model after COVID.","New ED and model rebuild: ""New executive director Sandi Davis ... Community Volunteer Management Model to 'return capacity' to the sector"" (https://www.mylethbridgenow.com/53924/news/community/non-profit/volunteer-lethbridge-introduces-new-executive-director/) | Charity listing and address: ""324 5 ST S, LETHBRIDGE AB T1J2B5"" (Benevity cause 209e6efc-704d-4a82-95fe-3b625d4157aa)","Revenue (it may be small, which would cap the award below $50K); Past CIP Operating; CRA BN not seen",Small revenue could shrink the award; Possible relationship conflict: it is a capacity-builder that may compete with or partner on consulting services. Check before outreach,"Sandi Davis, Executive Director (named in https://www.mylethbridgenow.com/53924/news/community/non-profit/volunteer-lethbridge-introduces-new-executive-director/)","Your ED is 16 months in and you build capacity for other Lethbridge nonprofits. CIP-ODC (Oct 15, 2026) can fund your own strategic plan, and you could act as fiscal agent for a Collaboratives bid of up to $100K."
13,B,Wild Rose Community Connections,CONDITIONAL,42,Medium,"Benevity and 211 confirm a High River nonprofit with active programs. Local news reports its food rescue program is in jeopardy from falling donations and grants, which is a sustainability need.","Alberta address and active programs: ""54 10 Avenue SE, High River, AB; FoodConnexx, SeniorConnexx, FamilyConnexx, DadConnexx"" (https://ab.211.ca/record/1136141/agency/) | Listed on Benevity: ""Wild Rose Community Connections, BOX 5714, HIGH RIVER, Alberta T1V1P3"" (Benevity MCP) | Sustainability need: ""High River food rescue and hamper program in jeopardy"" (https://okotoksonline.com/articles/high-river-food-rescue-and-hamper-program-in-jeopardy)","Revenue: ~$200K is a ZoomInfo estimate only, so UNKNOWN; Past CIP; Date of the 'in jeopardy' article; Registered charity versus society only; Overdue/incomplete ministry reporting (never publicly verifiable); Whether already applying for Oct 15, 2026; Board appetite for an org-development project","Revenue may be near $100K; No match to known Business Path / Cenera / Innovate Calgary relationships seen in the file, but client list not checked; confirm before outreach.","Marianne Dickson, Executive Director (https://www.linkedin.com/in/marianne-dickson-26231930/). This is a self-reported LinkedIn profile and whether it is current is unverified.","Donations are falling and grant options are narrowing. CIP-ODC (up to $50K, due Oct 15, 2026) funds the fund-development and resource-management plan that keeps FoodConnexx off the 'in jeopardy' list."
14,B,Binam of Calgary - Bamileke Association,CONDITIONAL,38,Medium,"A local news article states it received $60,000 through the CIP operating-based grant for 2023/24, with an Airdrie location in provincial records.","CIP Operating 2023/24: ""Binam of Calgary - Bamileke Association received $60,000 for the 2023/2024 fiscal year through the Community Initiatives Program operating-based grant."" (https://discoverairdrie.com/articles/two-airdrie-organizations-receive-provincial-funding)","Incorporation Act and good standing. A1 was downgraded to UNKNOWN because 'founded in 2013' on the org website does not show incorporation.; Revenue; Leadership names; Which of several web domains is the legal entity; Overdue/incomplete ministry reporting (never publicly verifiable); Whether already applying for Oct 15, 2026; Board appetite for an org-development project","Not a registered charity per Benevity (that alone is not disqualifying, since societies are eligible); Possible multiple or overlapping entities; Revenue may be under $100K, which would cap the award below $50K; No match to known Business Path / Cenera / Innovate Calgary relationships seen in the file, but client list not checked; confirm before outreach.",UNKNOWN; general contact: https://binamofcalgary.org/,"Your $60K CIP Operating grant for 2023/24 came from a stream that no longer exists. CIP-ODC (due Oct 15, 2026) is the replacement, and we can help frame an organizational-development ask around volunteer-to-staff capacity."
15,B,Alberta Immigrant Women & Children Centre,CONDITIONAL,38,Medium,Registered charity (BN 806741765RR0001 per CharityData; Benevity lists it at an Edmonton address) that got a CIP Operational Assistance grant in 2020-21.,"Registered charity: ""ALBERTA IMMIGRANT WOMEN & CHILDREN CENTRE, BN 806741765RR0001"" (https://www.charitydata.ca/charity/alberta-immigrant-women-and-children-centre/806741765RR0001/) | Past CIP Operating (2020-21): ""Alberta Immigrant Women & Children Centre receiving a CIP - Operational Assistance 2021 grant in Edmonton (amount truncated)"" (https://extranet.gov.ab.ca/env/previous-grant-recipients-database/Home/Details?fiscalYearStart=2020&fiscalYearEnd=2021&municipalityId=3282&sort=2) | Alberta address: ""13415C FORT RD NW, EDMONTON AB T5A1C6"" (Benevity cause ce80300f-6690-48b2-abe0-ee2dd89b3e5a)",Revenue (no figure at all); CIP award amount; Leadership and contact; Website (none on Benevity either); Any org-development signal; Registration date,"The CIP evidence is from 2020-21, which is pre-2022 and a weak signal; No website suggests a small org. Revenue could be under $100K, which would cap the award below $50K","UNKNOWN. No website found. Reach them through the Benevity or CharityData listing, or at 13415C Fort Rd NW, Edmonton.","You held CIP Operating funding in 2020-21. That stream is gone. The Oct 15, 2026 CIP-ODC intake is its replacement, and it pays for systems, governance and fund development rather than programs."
16,B,Creating Hope Society of Alberta,CONDITIONAL,37,Medium,"Awarded $75,000 CIP Operational Assistance in 2020-21 for a Program Coordinator and operating costs. Benevity lists it at an Edmonton address.","Past CIP Operating $75K (2020-21): ""Creating Hope Society of Alberta in Edmonton was awarded $75,000 for CIP - Operational Assistance 2021 for Program Coordinator and operating costs."" (https://extranet.gov.ab.ca/env/previous-grant-recipients-database/Home/Details?fiscalYearStart=2020&fiscalYearEnd=2021&municipalityId=3282&sort=2) | Alberta address / charity listing: ""4 - 10865 96 ST NW, EDMONTON AB T5H2K2"" (Benevity cause 0272dd0d-047b-4230-b8f2-7f8475ff3486)",CRA BN and registration status (the discovery marked it UNKNOWN; a Benevity listing strongly suggests a charity but shows no number); Revenue; Contact; Website; Org-development signal,"The CIP evidence is from 2020-21, which is pre-2022; It may depend on the lost operating dollars, and CIP-ODC does not fund ongoing program staff","UNKNOWN. No website on Benevity. Mailing address: 4 - 10865 96 St NW, Edmonton.","Your $75K CIP Operating grant paid for a coordinator, and that stream has now closed. CIP-ODC (deadline Oct 15, 2026) can fund a sustainability and fund-development plan to replace that dependency."
17,B,Autism Society of Edmonton Area (Autism Edmonton),CONDITIONAL,36,Medium,"Benevity confirms an Edmonton org operating since 1971. The provincial grant database records a 2020/21 CIP Operational Assistance grant of $44,845 for ED, operating and organizational-development costs.","Operating since 1971, Edmonton: ""Since 1971, Autism Edmonton (Autism Society of Edmonton Area) has been providing services"" (Benevity MCP) | CIP Operating 2020/21 (pre-2022): ""received CIP - Operational Assistance 2021 funding of $44,845.00 in the 2020/2021 fiscal year for Executive Director, operating, and organizational development costs"" (https://extranet.gov.ab.ca/env/previous-grant-recipients-database/Home/Details?fiscalYearStart=2020&fiscalYearEnd=2021&municipalityId=3282&sort=2)","Revenue; ED name; Any CIP Operating after 2021; Whether the snippet is a verbatim database line or a search paraphrase; Overdue/incomplete ministry reporting (never publicly verifiable); Whether already applying for Oct 15, 2026; Board appetite for an org-development project","CIP signal is 2020/21, which is weak; No match to known Business Path / Cenera / Innovate Calgary relationships seen in the file, but client list not checked; confirm before outreach.",UNKNOWN; general contact: https://www.autismedmonton.org/,"You have used CIP Operating for ED and organizational-development costs before. CIP-ODC (due Oct 15, 2026) is now the provincial door for that kind of spend."
18,B,Calgary Girls Choir Society,CONDITIONAL,36,Medium,"Benevity confirms a Calgary society that has run since 1995, and it posted an Executive Director search closing March 16, 2026, so a new ED is likely in their first months.","Leadership transition 2026: ""Recruiting an Executive Director, applications due March 16, 2026"" (https://calgaryartsdevelopment.com/classified-ads/executive-director-calgary-girls-choir-2026/) | Alberta address: ""CALGARY GIRLS CHOIR SOCIETY, 3704 37 St SW, Calgary AB T3E 3C3"" (Benevity MCP)","Revenue; New ED name; Past CIP; Whether arts orgs fundable through AFA are eligible for or competitive in CIP-ODC (check guidelines); Overdue/incomplete ministry reporting (never publicly verifiable); Whether already applying for Oct 15, 2026; Board appetite for an org-development project","Possible program-fit issue for arts orgs; No match to known Business Path / Cenera / Innovate Calgary relationships seen in the file, but client list not checked; confirm before outreach.",UNKNOWN (new ED hired after March 2026 not identified); general: Calgary Girls Choir website via Benevity,"A new ED in 2026 is the ideal moment for a leadership-transition and strategy project, and CIP-ODC (due Oct 15, 2026) funds exactly that."
19,B,Alberta Mindfulness Association,CONDITIONAL,33,Low,"The 2024-25 CIP Operating Intake 1 approved list reportedly shows Alberta Mindfulness Association, Calgary, $37,580.","CIP Operating 2024-25: ""Alberta Mindfulness Association, Calgary, $37,580."" (https://www.alberta.ca/system/files/acsw-cip-operating-approved-applicants-2024-25.pdf) | Business number is RC, not RR: ""724740279RC0001"" (https://albertamindfulness.ca/professional-team)","Legal form: an RC number plus no Benevity listing suggests it is not a registered charity, and the incorporation Act is unknown; Revenue: a $37,580 award suggests a smaller base (inference); Faith or spiritual requirement: mindfulness can be secular or Buddhist-rooted; unconfirmed; ED; Overdue/incomplete ministry reporting (never publicly verifiable); Whether already applying for Oct 15, 2026; Board appetite for an org-development project","Could be a professional or training association with member-benefit focus; Possible for-profit corporation behind the RC number; No match to known Business Path / Cenera / Innovate Calgary relationships seen in the file, but client list not checked; confirm before outreach.",UNKNOWN; general contact: https://albertamindfulness.ca/professional-team,"You were approved for $37,580 in 2024-25 CIP Operating. That stream is closed, and CIP-ODC (due Oct 15, 2026) funds strategic-leadership and resilience work instead."
20,B,The SPEC Association for Children and Families,CONDITIONAL,33,Low,"Charity listing (Benevity) in Brooks, operating since 1978. It appears (per a search summary) on a 2024-25 CIP Project-Based list for payroll software.","CIP Project-Based (not Operating): ""SPEC Payroll Software, Brooks [search summary; PDF not opened]"" (https://www.alberta.ca/system/files/acsw-cip-project-based-approved-applicants-2024-25-t2.pdf) | Established 1978, Brooks: ""Established in 1978, the SPEC Association for Children & Families ... 101, 327 3RD STREET WEST, BROOKS"" (Benevity cause d9b60f2d-7d64-4c5f-a16b-5513c6dd439a)",Revenue; Contact; Whether the project grant is still open,"S1 is NOT met: this is the Project stream, not Operating; Evidence rests on search summaries","UNKNOWN. Reach them through the Benevity listing, or at 101, 327 3rd St W, Brooks.","You already used CIP to modernize payroll. CIP-ODC (Oct 15, 2026) funds the next layer: HR, finance and governance systems."
21,B,Helping Hands Society of Cochrane & Area,CONDITIONAL,33,Low,Benevity and CanadaHelps confirm a Cochrane charity. The Cochrane Eagle reports it recruiting new board positions.,"Alberta charity: ""Designated by CRA as a registered charity"" (https://www.canadahelps.org/en/charities/helping-hands-society-of-cochrane-area/) | Board expansion: ""Helping Hands looking to fill new board positions"" (https://www.cochraneeagle.ca/local-news/helping-hands-looking-to-fill-new-board-positions-9616894)","Revenue; Past CIP; Date of board article; Current ED; Overdue/incomplete ministry reporting (never publicly verifiable); Whether already applying for Oct 15, 2026; Board appetite for an org-development project","Volunteer-driven org; revenue may be under $100K; No match to known Business Path / Cenera / Innovate Calgary relationships seen in the file, but client list not checked; confirm before outreach.","UNVERIFIED: 'Laura McDonald, ED' came from a search summary of a 2022 hiring post, not a quoted page line. General: https://helpinghandscochrane.ca/","As the board grows, CIP-ODC (due Oct 15, 2026) can fund governance and volunteer-management systems that match the society's growth."
22,B,Abbottsfield Youth Project (AYP) Society,CONDITIONAL,30,Medium,"Benevity confirms an active Edmonton society. The provincial database records a 2020/21 CIP Operational grant of $30,000 for staff, rent and insurance.","Alberta address: ""10608 34 Street NW, Edmonton, Alberta T5W 1Y2"" (Benevity MCP) | CIP Operating 2020/21 (pre-2022): ""received $30,000.00 in fiscal year 2020/2021 for Child Development Coordinator, rent, and insurance costs"" (https://extranet.gov.ab.ca/env/previous-grant-recipients-database/Home/Details?fiscalYearStart=2020&fiscalYearEnd=2021&municipalityId=3282&sort=2)","Revenue; Leadership; Website (Benevity has a verified link, but the URL was not captured); Faith stance (none indicated); CIP after 2021; Overdue/incomplete ministry reporting (never publicly verifiable); Whether already applying for Oct 15, 2026; Board appetite for an org-development project","A $30K award hints at a smaller budget (inference), which would cap the award below $50K; No match to known Business Path / Cenera / Innovate Calgary relationships seen in the file, but client list not checked; confirm before outreach.",UNKNOWN; general contact via the Benevity cause link,"AYP relied on CIP Operating for core costs in 2020/21. CIP-ODC (due Oct 15, 2026) can't pay rent, but it can fund the resilience and resource-management plan that reduces that dependence."
23,B,A Safe Place (Strathcona Shelter Society Ltd.),CONDITIONAL,30,Medium,Registered charity (CanadaHelps; Benevity listing) running a 35-bed women's emergency shelter in Sherwood Park.,"Registered charity: ""A Safe Place is a registered charity operated by the Strathcona Shelter Society Ltd., governed by a volunteer Board of Directors."" (https://www.canadahelps.org/en/charities/strathcona-shelter-society-ltd/) | Secular service: ""a 35-bed emergency shelter for women, with or without children, fleeing abuse."" (https://www.asafeplace.ca/about/)","Legal form: 'Ltd.' likely means Companies Act Part 9 (an accepted Act), but this is unconfirmed; Revenue (not inferred); Past CIP Operating; Org-development need (a rebrand alone is weak); Current ED","The 'Ltd.' suffix must be confirmed as a Part 9 non-profit company, not a for-profit. Registered-charity status mitigates this; Large provincial shelter contracts may put the budget well above the target band","PARTIALLY VERIFIED: Karen Kadatz, Executive Director (org post 'A Safe Place has a new look', undated: https://www.asafeplace.ca/a-safe-place-has-a-new-look/). Discovery flagged conflicting leadership info.","Shelter operating contracts rarely cover strategy or board work. The Oct 15, 2026 CIP-ODC intake can fund the strategic plan that follows your rebrand."
24,B,C. L. Whole You Foundation,CONDITIONAL,30,Low,"Only signal: a search-engine summary of the 2024-25 CIP Operating approved list says a 'Whole You Foundation' in Calgary received $60,000. If that line item is verified, it is a strong recent Operating signal.","2024-25 CIP Operating award (search summary, not a verified line item): ""The Whole You Foundation in Calgary received $60,000 for the 2024-25 CIP Operating grant."" (https://www.alberta.ca/system/files/acsw-cip-operating-approved-applicants-2024-25.pdf)","Whether the PDF line item names this exact entity ('The Whole You Foundation' versus 'C. L. Whole You Foundation'); Legal form and incorporation Act; Revenue; Faith requirement: the mission language ('peace, healing, hope, growth, and love') is neutral but unconfirmed; ED name; Overdue/incomplete ministry reporting (never publicly verifiable); Whether already applying for Oct 15, 2026; Board appetite for an org-development project","Possible entity mismatch; Possible counselling practice structured as a company; legal form unknown; Not on Benevity, so registered-charity status is unconfirmed; No match to known Business Path / Cenera / Innovate Calgary relationships seen in the file, but client list not checked; confirm before outreach.",UNKNOWN; general contact: https://clwholeyoufoundation.ca/,"If the 2024-25 $60K CIP Operating award is confirmed, lead with continuity: that stream is closed, and CIP-ODC (due Oct 15, 2026) is the replacement for capacity funding."
25,B,Edmonton Seniors Centre,CONDITIONAL,30,Low,"The provincial database records a 2020/21 CIP Operational Assistance grant of $75,000 for ED and Office Administrator positions.","CIP Operating 2020/21 (pre-2022): ""received a CIP - Operational Assistance 2021 grant of $75,000.00 for the 2020/2021 fiscal year, designated for Executive Director and Office Administrator positions"" (https://extranet.gov.ab.ca/env/previous-grant-recipients-database/Home/Details?fiscalYearStart=2020&fiscalYearEnd=2021&municipalityId=3282&sort=2)","Whether the Benevity entity is the grant recipient; Revenue; Leadership; Website; Overdue/incomplete ministry reporting (never publicly verifiable); Whether already applying for Oct 15, 2026; Board appetite for an org-development project","Losing Operating salary funding creates a core gap that ODC (project-type org development) may not fill, so fit may be poor; Signal is pre-2022; No match to known Business Path / Cenera / Innovate Calgary relationships seen in the file, but client list not checked; confirm before outreach.",UNKNOWN,"CIP once paid your ED and admin salaries. CIP-ODC (due Oct 15, 2026) can fund succession, governance and revenue diversification to replace that dependence."
